Index,Date,Sermon Title,Primary Speaker,Service Duration,Preaching Start,Preaching End,Audio Size (MB),Status,Transcript Markdown,Trimmed Audio File,Completed At,GUID
1,2026-08-30,The Healing Properties of Psalm 23 (Part 5): Paths of Righteousness,John C. Wood,1:30:00,00:50:50,01:25:00,42.9,SUCCESS,2026-08-30 - The Healing Properties of Psalm 23 (Part 5)- Paths of Righteousness.md,2026-08-30 - The Healing Properties of Psalm 23 (Part 5)- Paths of Righteousness - Preaching.mp3,2026-08-30 17:13:45,https://s3.amazonaws.com/ccstarchives/xml/0830261
2,2026-08-23,It Is the Love of God That Is Hindering You,John C. Wood,1:30:00,00:40:00,01:20:00,38.4,SUCCESS,2026-08-23 - It Is the Love of God That Is Hindering You.md,2026-08-23 - It Is the Love of God That Is Hindering You - Preaching.mp3,2026-08-30 17:40:44,https://s3.amazonaws.com/ccstarchives/xml/0823261
3,2026-08-16,I Am Christ Chapel - Katie Peck,Katie Peck,1:30:00,00:35:00,01:20:00,37.3,SUCCESS,2026-08-16 - I Am Christ Chapel - Katie Peck.md,2026-08-16 - I Am Christ Chapel - Katie Peck - Preaching.mp3,2026-08-30 17:40:27,https://s3.amazonaws.com/ccstarchives/xml/0816261
4,2026-08-09,The Healing Properties of Psalm 23 (Part 4): Refreshment and Restoration,John C. Wood,1:30:00,00:34:30,01:14:30,34.3,SUCCESS,2026-08-09 - The Healing Properties of Psalm 23 (Part 4)- Refreshment and Restoration.md,2026-08-09 - The Healing Properties of Psalm 23 (Part 4)- Refreshment and Restoration - Preaching.mp3,2026-08-30 18:25:41,https://s3.amazonaws.com/ccstarchives/xml/0809261
5,2026-08-02,The Healing Properties of Psalm 23 (Part 3): Submission and Rest,John C. Wood,1:30:00,00:42:28,01:14:35,34.3,SUCCESS,2026-08-02 - The Healing Properties of Psalm 23 (Part 3)- Submission and Rest.md,2026-08-02 - The Healing Properties of Psalm 23 (Part 3)- Submission and Rest - Preaching.mp3,2026-08-30 18:35:44,https://s3.amazonaws.com/ccstarchives/xml/0802261
6,2026-07-26,Wrestle to Win,Jason Braddock,1:30:00,00:40:25,01:22:35,38.2,SUCCESS,2026-07-26 - Wrestle to Win.md,2026-07-26 - Wrestle to Win - Preaching.mp3,2026-08-30 18:43:10,https://s3.amazonaws.com/ccstarchives/xml/0726261
7,2026-07-19,The Healing Properties of Psalm 23 (Part 2): Provision,John C. Wood,1:30:00,00:26:38,01:06:33,31.5,SUCCESS,2026-07-19 - The Healing Properties of Psalm 23 (Part 2)- Provision.md,2026-07-19 - The Healing Properties of Psalm 23 (Part 2)- Provision - Preaching.mp3,2026-08-30 18:51:31,https://s3.amazonaws.com/ccstarchives/xml/0719261
8,2026-07-12,The Healing Properties of Psalm 23 (Part 1): Identification,John C. Wood,1:30:00,00:32:00,01:20:23,38.8,SUCCESS,2026-07-12 - The Healing Properties of Psalm 23 (Part 1)- Identification.md,2026-07-12 - The Healing Properties of Psalm 23 (Part 1)- Identification - Preaching.mp3,2026-08-30 19:48:37,https://s3.amazonaws.com/ccstarchives/xml/0712261
9,2026-07-05,The Victory that Overcometh the World,John C. Wood,1:30:00,00:35:45,01:29:24,40.9,SUCCESS,2026-07-05 - The Victory that Overcometh the World.md,2026-07-05 - The Victory that Overcometh the World - Preaching.mp3,2026-08-30 19:51:59,https://s3.amazonaws.com/ccstarchives/xml/0705261
